product_id,mistral_few_shot_summary
B0075WWDKQ,"The customer is a coffee drinker who is not a fan of flavored coffees and rates them as average. They prefer the regular coffees, particularly the Amazonia and Africana medium roasts, and the dark roast Eclipse, Mexican, and French roasts. They make good ice coffee and are strong but not bitter. The customer did not like the Costa Rican light roast, which had an artificial taste. They also tried the house blend, which was good but not exceptional. The customer used a decaf k-cup to water their plants and had no opinion on its taste. They also used the chocolate raspberry flavor in a cake batter and found it delicious. The customer was disappointed with the selection of flavored coffees they received, as several were duplicates of ordinary coffees and two advertised flavors were not included. The product was delivered on time."
B0061YK3O2,"Customers, including those from Greece, highly praise this Cretan olive oil for its pure and full taste, making it ideal for cooking, salads, and dressings. They recommend it for improving nutritional habits. Users enjoy using it for various purposes such as salads, dipping bread, hummus, and sautéing veggies and meat. Some customers have met the producer, Nick, and appreciate the personal touch. They find that local products from farmers markets taste better and are worth the extra cost. A bottle lasts a long time. Some customers consider it the best olive oil they have ever tasted due to its excellent blend of flavor and low acidity."
B001EX9LGQ,"You must write a faithful summary of customer reviews. Every statement must come directly from the reviews. Never add information not explicitly stated.

Example 1 (CORRECT — faithful to reviews):
Reviews: ""Great taste, my dog loves it. Fast shipping."" ""Good quality kibble, but the bag was damaged on arrival."" ""My picky eater finally found a food she likes!""
Summary: Customers are generally positive about this dog food, praising its taste and quality. Dogs, including picky eaters, enjoy it. Shipping is fast, though one customer reported a damaged bag on arrival.

Example 2 (INCORRECT — contains hallucinated information):
Reviews: ""Strong coffee flavor, perfect for mornings."" ""A bit too bitter for my taste but great aroma.""
Bad Summary: ""This organic, fair-trade coffee has a bold flavor loved by thousands of customers. It pairs well with cream and sugar.""
Why it's wrong: The reviews never mention ""organic,"" ""fair-trade,"" ""thousands of customers,"" or ""cream and sugar."" These are fabricated details.

Example 3 (CORRECT — faithful to reviews):
Reviews: ""Strong coffee flavor, perfect for mornings."" ""A bit too bitter for my taste but great aroma."" ""Best value for the price, will buy again.""
Summary: This coffee is praised for its strong flavor and great aroma, making it ideal for mornings. Some find it slightly bitter. It is considered good value for the price.

Now summarize the following reviews. Include ONLY information explicitly stated in the reviews.

Reviews:
our cats just love this stuff. they eat the ultra premium dry food and ocean fish canned food. we've given them some of the other formulas and they'd slowly eat them but they won't leave the ocean fish alone. our cats just love this stuff. they eat the ultra premium dry food and ocean fish canned food. we've given them some of the other formulas and they'd slowly eat them but they won't leave the ocean fish alone. very healthy ingredients..compared to store brands..my cats love this..they are fussy eaters..so i think many cats would love this food..will buy it again. very healthy ingredients..compared to store brands..my cats love this..they are fussy eaters..so i think many cats would love this food..will buy it again.

Summary:
Customers' cats are very fond of this brand, as they prefer the ultra premium dry food and ocean fish canned food. The cats eat these formulas eagerly and refuse to leave the ocean fish alone. The food is considered healthier than store brands. The cats are fussy eaters, but they enjoy this food and the customers plan to buy it again."
B0062I862I,"You must write a faithful summary of customer reviews. Every statement must come directly from the reviews. Never add information not explicitly stated.

Example 1 (CORRECT — faithful to reviews):
Reviews: ""Great taste, my dog loves it. Fast shipping."" ""Good quality kibble, but the bag was damaged on arrival."" ""My picky eater finally found a food she likes!""
Summary: Customers are generally positive about this dog food, praising its taste and quality. Dogs, including picky eaters, enjoy it. Shipping is fast, though one customer reported a damaged bag on arrival.

Example 2 (INCORRECT — contains hallucinated information):
Reviews: ""Strong coffee flavor, perfect for mornings."" ""A bit too bitter for my taste but great aroma.""
Bad Summary: ""This organic, fair-trade coffee has a bold flavor loved by thousands of customers. It pairs well with cream and sugar.""
Why it's wrong: The reviews never mention ""organic,"" ""fair-trade,"" ""thousands of customers,"" or ""cream and sugar."" These are fabricated details.

Example 3 (CORRECT — faithful to reviews):
Reviews: ""Strong coffee flavor, perfect for mornings."" ""A bit too bitter for my taste but great aroma."" ""Best value for the price, will buy again.""
Summary: This coffee is praised for its strong flavor and great aroma, making it ideal for mornings. Some find it slightly bitter. It is considered good value for the price.

Now summarize the following reviews. Include ONLY information explicitly stated in the reviews.

Reviews:
anyone who knows yaucono will like the new packaging of mylar-laminated plastic. i wonder how long they packaged in layers of paper? if you have not had this very rich puerto rican coffee, you must sample it and then buy in bulk. juan valdez might have a good bean, but the puerto ricans do it better. anyone who knows yaucono will like the new packaging of mylar-laminated plastic. i wonder how long they packaged in layers of paper? if you have not had this very rich puerto rican coffee, you must sample it and then buy in bulk. juan valdez might have a good bean, but the puerto ricans do it better. i love this coffee. i tried it in puerto rico on our honeymoon and am hooked! i may even go back to puerto rico and get more! i love this coffee. i tried it in puerto rico on our honeymoon and am hooked! i may even go back to puerto rico and get more!

Summary:
Customers who have tried Yaucono coffee in Puerto Rico are strongly positive about it. They praise its rich flavor and recommend buying it in bulk. The new mylar-laminated plastic packaging is also appreciated. Some customers have been buying it in large quantities and even considering a return trip to Puerto Rico to get more. Juan Valdez's coffee is compared unfavorably to Yaucono's."
B004QDMY42,"never mention ""organic,"" ""fair-trade,"" ""thousands of customers,"" or ""cream and sugar."" These are fabricated details.

Example 3 (CORRECT — faithful to reviews):
Reviews: ""Strong coffee flavor, perfect for mornings."" ""A bit too bitter for my taste but great aroma."" ""Best value for the price, will buy again.""
Summary: This coffee is praised for its strong flavor and great aroma, making it ideal for mornings. Some find it slightly bitter. It is considered good value for the price.

Now summarize the following reviews. Include ONLY information explicitly stated in the reviews.

Reviews:
it only takes a cursory look at my reviewing history to realize that i haven't exactly made a career out of rating gum, but this new trident vitality is so darn good that i thought i'd better get in a few words on it. i've tried all three of the available flavors and can't seem to choose a favorite. the peppermint with ginseng flavor reviewed here is definitely pretty awesome. the gum has the physical profile of an old-school chicklet. it only takes a bite or two for the strong peppermint flavor to kick in. and man, does this gum last. i can usually go a good 3-4 hours and still get some flavor out of this stuff. that makes it a good value in my book for sure. typically retails for around 1.39 pack at my local grocer, although i've caught it on sale for under a dollar once or twice. highly recommended. it only takes a cursory look at my reviewing history to realize that i haven't exactly made a career out of rating gum, but this new trident vitality is so darn good that i thought i'd better get in a few words on it. i've tried all three of the available flavors and can't seem to choose a favorite. the peppermint with ginseng flavor reviewed here is definitely pretty awesome. the gum has the physical profile of an old-school chicklet. it only takes a bite or two for the strong peppermint flavor to kick in. and man, does this gum last. i can usually go a good 3-4 hours and still get some flavor out of this stuff. that makes it a good value in my book for sure. typically retails for around 1.39 pack at my local grocer, although i've caught it on sale for under a dollar once or twice. highly recommended. hi, i ordered this product from another website but i wanted to post a review on here since it has the same product. okay first of all the packaging looks nice and neat not messy like others, just pure and simple...maybe too simple?. they dont give the ingredients info which is an automatic fail, on the back it says allergy warning contains soy another fail they dont tell us what the gum does, does it whiten teeth? fight bad breath? or what!? you know... it has the word vitality, which means active but thats all they say nothing more?.... the taste is like any other gum hi, i ordered this product from another website but i wanted to post a review on here since it has the same product. okay first of all the packaging looks nice and neat not messy like others, just pure and simple...maybe too simple?. they dont give the ingredients info which is an automatic fail, on the back it says allergy warning contains soy another fail they dont tell us what the gum does, does it whiten teeth? fight bad breath? or what!? you know... it has the word vitality, which means active but thats all they say nothing more?.... the taste is like any other gum

Summary:
Customer 1 praises the new Trident Vitality gum for its strong peppermint flavor, long-lasting taste, and good value. They've tried all three flavors and can't choose a favorite. The gum resembles an old-school chicklet and typically retails for around $1.39 per pack. Customer 1 highly recommends the product.

Customer 2 expresses disappointment with the packaging, which they find too simple. They criticize the lack of ingredient information and the absence of clear product benefits. The taste is described as similar to any other gum."
B002GURBZ4,"Customers have purchased this edible glitter to decorate cakes and other treats. The glitter in question is highly recommended for its stunning appearance and ability to make a statement. Several customers have reported fast delivery. However, some customers have expressed concern about the product's advertised edibility, as it tastes like craft glitter. It is recommended to stick with trusted brands for edible glitter, such as Wilton. The glitter has been successfully used to decorate various treats, including a disco ball birthday cake, which received positive feedback from customers."
B001GVISJW,"Customers bought this licorice for their office due to its bite-size pieces, making it easier to snack on. Some received damaged bags in shipping. The Twizzlers brand is preferred over another well-known brand, with black and cherry flavors receiving praise for their good taste. The strawberry flavor was criticized for being too delicate and barely there. Customers appreciate the reasonable price, especially when buying in packs and using Subscribe & Save. The licorice is described as less messy and easier to chew for children. Some customers reported a possible reduction in piece size."
B004X8TK8I,"were as fresh as the boxes found in the local grocery store. i have no complaints but i also now have no more cookies. we ate them all! these arrived on time and packaged in green plastic wrap. the cookies were as fresh as the boxes found in the local grocery store. i have no complaints but i also now have no more cookies. we ate them all! i was not expecting to like these cookies as much as i do. i like chocolate chip cookies well enough, but i really prefer a soft cookie to crisp ones. i have to say these famous amos cookies have pertty much turned me around. the cookies are rich and have that depth of flavor that comes from quality ingredients. the chips are real chocolate and melt redilly in your mouth creating a moist experience while chewing. these are truly great cookies. i was not expecting to like these cookies as much as i do. i like chocolate chip cookies well enough, but i really prefer a soft cookie to crisp ones. i have to say these famous amos cookies have pertty much turned me around. the cookies are rich and have that depth of flavor that comes from quality ingredients. the chips are real chocolate and melt redilly in your mouth creating a moist experience while chewing. these are truly great cookies. i was not expecting to like these cookies as much as i do. i like chocolate chip cookies well enough, but i really prefer a soft cookie to crisp ones. i have to say these famous amos cookies have pertty much turned me around. the cookies are rich and have that depth of flavor that comes from quality ingredients. the chips are real chocolate and melt redilly in your mouth creating a moist experience while chewing. these are truly great cookies. i was not expecting to like these cookies as much as i do. i like chocolate chip cookies well enough, but i really prefer a soft cookie to crisp ones. i have to say these famous amos cookies have pertty much turned me around. the cookies are rich and have that depth of flavor that comes from quality ingredients. the chips are real chocolate and melt redilly in your mouth creating a moist experience while chewing. these are truly great cookies. they aren't fattening and they're good for you, right? that's what i heard, at least, from an admittedly unreliable person. they aren't fattening and they're good for you, right? that's what i heard, at least, from an admittedly unreliable person. they aren't fattening and they're good for you, right? that's what i heard, at least, from an admittedly unreliable person. they aren't fattening and they're good for you, right? that's what i heard, at least, from an admittedly unreliable person.

Summary:
Customers rave about the fantastic chocolate chip cookies, praising their rich flavor and real chocolate chips that melt easily. Some wish they could buy larger quantities to avoid running out quickly. The cookies are described as soft and fresh, arriving in green plastic wrap and tasting as good as those from the local grocery store. Some customers were initially skeptical but have been won over by these famous Amos cookies. There is a common belief, though unreliable, that the cookies are not fattening and are good for you."
B003JYEL2W,"s: ""Strong coffee flavor, perfect for mornings."" ""A bit too bitter for my taste but great aroma."" ""Best value for the price, will buy again.""
Summary: This coffee is praised for its strong flavor and great aroma, making it ideal for mornings. Some find it slightly bitter. It is considered good value for the price.

Now summarize the following reviews. Include ONLY information explicitly stated in the reviews.

Reviews:
i'm usually a caffeine guy, but i had to switch to decaf while my wife is pregnant. this is definitely the best decaf out there - full flavored, smooth, and very aromatic. it's the best! i'm usually a caffeine guy, but i had to switch to decaf while my wife is pregnant. this is definitely the best decaf out there - full flavored, smooth, and very aromatic. it's the best! i love community coffee but the batch i received of the special decaf was old the bags had lost their vacuum packed state. i love community coffee but the batch i received of the special decaf was old the bags had lost their vacuum packed state.

Summary:
Some customers highly praise this decaf coffee for its full flavor, smoothness, and aroma. It is considered the best decaf coffee available. However, one customer received an old batch, which had lost its vacuum-sealed freshness."
B001EO67V2,"These candies are preferred by some customers, particularly a woman named ""my mother-in-law,"" who has purchased four tubs since Christmas. The candies are described as soft, slightly chewy, and not gummy. The flavors are considered good but not great. They are heavily coated with sugar to enhance their sweetness. Some customers enjoy the high sugar content, while others find them too sweet and will not be ordering again."
