product_id,source_reviews,textrank_summary,bart_summary,t5_summary,pegasus_summary,mistral_summary,llama_summary
B0075WWDKQ,"i'd rate these as better than average but since i am not a fan of flavored coffees, i'd only give them a 3 rating as to me they taste artificial and weird like all flavored coffees do. the regular coffees were very good better than many. i really liked the amazonia and the africana medium roasts, not so much the colombian. the dark roast eclipse, mexican, and french roast were very good. i made them into ice coffee, strong but not bitter. i didn't care for the costa rican light roast, it had an artificial taste to me. the house blend was good but nothing to write home about. i hate decaf so i used that k-cup to water my plants with, so as far as taste goes i have no idea but my plants perked up. the chocolate raspberry went nicely into a chocolate cake batter in place of water and it was delicious. if priced right i'd buy them again. i'd rate these as better than average but since i am not a fan of flavored coffees, i'd only give them a 3 rating as to me they taste artificial and weird like all flavored coffees do. the regular coffees were very good better than many. i really liked the amazonia and the africana medium roasts, not so much the colombian. the dark roast eclipse, mexican, and french roast were very good. i made them into ice coffee, strong but not bitter. i didn't care for the costa rican light roast, it had an artificial taste to me. the house blend was good but nothing to write home about. i hate decaf so i used that k-cup to water my plants with, so as far as taste goes i have no idea but my plants perked up. the chocolate raspberry went nicely into a chocolate cake batter in place of water and it was delicious. if priced right i'd buy them again. i'd rate these as better than average but since i am not a fan of flavored coffees, i'd only give them a 3 rating as to me they taste artificial and weird like all flavored coffees do. the regular coffees were very good better than many. i really liked the amazonia and the africana medium roasts, not so much the colombian. the dark roast eclipse, mexican, and french roast were very good. i made them into ice coffee, strong but not bitter. i didn't care for the costa rican light roast, it had an artificial taste to me. the house blend was good but nothing to write home about. i hate decaf so i used that k-cup to water my plants with, so as far as taste goes i have no idea but my plants perked up. the chocolate raspberry went nicely into a chocolate cake batter in place of water and it was delicious. if priced right i'd buy them again. i'd rate these as better than average but since i am not a fan of flavored coffees, i'd only give them a 3 rating as to me they taste artificial and weird like all flavored coffees do. the regular coffees were very good better than many. i really liked the amazonia and the africana medium roasts, not so much the colombian. the dark roast eclipse, mexican, and french roast were very good. i made them into ice coffee, strong but not bitter. i didn't care for the costa rican light roast, it had an artificial taste to me. the house blend was good but nothing to write home about. i hate decaf so i used that k-cup to water my plants with, so as far as taste goes i have no idea but my plants perked up. the chocolate raspberry went nicely into a chocolate cake batter in place of water and it was delicious. if priced right i'd buy them again. i'd rate these as better than average but since i am not a fan of flavored coffees, i'd only give them a 3 rating as to me they taste artificial and weird like all flavored coffees do. the regular coffees were very good better than many. i really liked the amazonia and the africana medium roasts, not so much the colombian. the dark roast eclipse, mexican, and french roast were very good. i made them into ice coffee, strong but not bitter. i didn't care for the costa rican light roast, it had an artificial taste to me. the house blend was good but nothing to write home about. i hate decaf so i used that k-cup to water my plants with, so as far as taste goes i have no idea but my plants perked up. the chocolate raspberry went nicely into a chocolate cake batter in place of water and it was delicious. if priced right i'd buy them again. i ordered in order to get variety of flavored coffees, and have to admit disappointed in the selection. several duplicates of ordinary coffees received. also 2 of the flavors advertised which were my primary reason for ordering were not included. i ordered in order to get variety of flavored coffees, and have to admit disappointed in the selection. several duplicates of ordinary coffees received. also 2 of the flavors advertised which were my primary reason for ordering were not included. i ordered in order to get variety of flavored coffees, and have to admit disappointed in the selection. several duplicates of ordinary coffees received. also 2 of the flavors advertised which were my primary reason for ordering were not included. i ordered in order to get variety of flavored coffees, and have to admit disappointed in the selection. several duplicates of ordinary coffees received. also 2 of the flavors advertised which were my primary reason for ordering were not included. i ordered in order to get variety of flavored coffees, and have to admit disappointed in the selection. several duplicates of ordinary coffees received. also 2 of the flavors advertised which were my primary reason for ordering were not included. product was timely delivered as advertised. there is a wonderful selection of coffees which my clients and i are currently enjoying. will order again. product was timely delivered as advertised. there is a wonderful selection of coffees which my clients and i are currently enjoying. will order again. product was timely delivered as advertised. there is a wonderful selection of coffees which my clients and i are currently enjoying. will order again. product was timely delivered as advertised. there is a wonderful selection of coffees which my clients and i are currently enjoying. will order again. product was timely delivered as advertised. there is a wonderful selection of coffees which my clients and i are currently enjoying. will order again. i was very excited to recieve my shipment today then to be disapppointed because 2 of the flavors that i was told would be in the package were not there! i really wanted to try creme brulee and raspberry chocolate truffle! i am looking forward to trying the others but had i know i would not receive these flavors i would not have ordered this product! i also did not recieve the pink ribbon flavor! i was very excited to recieve my shipment today then to be disapppointed because 2 of the flavors that i was told would be in the package were not there! i really wanted to try creme brulee and raspberry chocolate truffle! i am looking forward to trying the others but had i know i would not receive these flavors i would not have ordered this product! i also did not recieve the pink ribbon flavor! i was very excited to recieve my shipment today then to be disapppointed because 2 of the flavors that i was told would be in the package were not there! i really wanted to try creme brulee and raspberry chocolate truffle! i am looking forward to trying the others but had i know i would not receive these flavors i would not have ordered this product! i also did not recieve the pink ribbon flavor! i was very excited to recieve my shipment today then to be disapppointed because 2 of the flavors that i was told would be in the package were not there! i really wanted to try creme brulee and raspberry chocolate truffle! i am looking forward to trying the others but had i know i would not receive these flavors i would not have ordered this product! i also did not recieve the pink ribbon flavor! i was very excited to recieve my shipment today then to be disapppointed because 2 of the flavors that i was told would be in the package were not there! i really wanted to try creme brulee and raspberry chocolate truffle! i am looking forward to trying the others but had i know i would not receive these flavors i would not have ordered this product! i also did not recieve the pink ribbon flavor! love van houtte k cups. the selections provided allow one to sample coffees from different regions as well as taste the flavored coffees without having to buy a complete box of each. then, you can pick the ones you like buy that particular coffee..great concept! love van houtte k cups. the selections provided allow one to sample coffees from different regions as well as taste the flavored coffees without having to buy a complete box of each. then, you can pick the ones you like buy that particular coffee..great concept! love van houtte k cups. the selections provided allow one to sample coffees from different regions as well as taste the flavored coffees without having to buy a complete box of each. then, you can pick the ones you like buy that particular coffee..great concept! love van houtte k cups. the selections provided allow one to sample coffees from different regions as well as taste the flavored coffees without having to buy a complete box of each. then, you can pick the ones you like buy that particular coffee..great concept! love van houtte k cups. the selections provided allow one to sample coffees from different regions as well as taste the flavored coffees without having to buy a complete box of each. then, you can pick the ones you like buy that particular coffee..great concept!",i was very excited to recieve my shipment today then to be disapppointed because 2 of the flavors that i was told would be in the package were not there! i was very excited to recieve my shipment today then to be disapppointed because 2 of the flavors that i was told would be in the package were not there! i was very excited to recieve my shipment today then to be disapppointed because 2 of the flavors that i was told would be in the package were not there!,"i really liked the amazonia and the africana medium roasts, not so much the colombian. the dark roast eclipse, mexican, and french roast were very good. i didn't care for the costa rican light roast, it had an artificial taste. the house blend was good but nothing to write home about.","box of each. then, you can pick the ones you like box of each. then, you can pick the ones you like buy that particular coffee..great concept! love box of each. box of each. then, you can pick the ones you like buy that particular coffee..great concept! love box of each. my box of each. raspberry not. since but but but. were......a","This is the first coffee i've tried from the new pink ribbon range, and it's been a good experience.... and it's not pink, it's black!... and it's not pink, it's black!","The overall sentiment of the customer reviews is positive, with many customers praising the quality of the regular coffees, particularly the amazonia, africana medium roasts, dark roast eclipse, mexican, and french roast. However, some customers expressed disappointment in the selection of flavored coffees, with several receiving duplicates of ordinary coffees instead. A few customers were not fans of flavored coffees and found them to taste artificial. The cost of the product was mentioned as a potential concern, but if priced right, some customers would consider buying them again. The product was delivered on time and customers were pleased with the variety and quality of the coffees they received.","The overall sentiment of the reviews is mixed, with some customers expressing disappointment with the selection of flavored coffees and the inclusion of duplicates, while others praise the quality of the regular coffees and the variety of flavors. Key product strengths mentioned include the quality of the regular coffees, particularly the Amazonia and Africana medium roasts, and the ability to make strong but not bitter ice coffee. Common complaints include the artificial taste of some flavored coffees, particularly the Costa Rican light roast, and the disappointment with the selection of flavored coffees, with some customers not receiving the flavors they were expecting. 

Note: The reviews are repetitive and contain similar information, so I have only summarized the main points and excluded repetitive information."
B0061YK3O2,"being from greece i can say with certainty that this is an original cretan olive oil. its pure and full taste makes it ideal for cooking, salads and dressings. we were thrilled to find here in usa an original product deriving from our country and my wife likes to use it every time she cooks, resulting in tasty and full flavored foods. i would strongly recommend this basic component of the mediterranean diet to anyone who want to improve his nutritional habits. being from greece i can say with certainty that this is an original cretan olive oil. its pure and full taste makes it ideal for cooking, salads and dressings. we were thrilled to find here in usa an original product deriving from our country and my wife likes to use it every time she cooks, resulting in tasty and full flavored foods. i would strongly recommend this basic component of the mediterranean diet to anyone who want to improve his nutritional habits. being from greece i can say with certainty that this is an original cretan olive oil. its pure and full taste makes it ideal for cooking, salads and dressings. we were thrilled to find here in usa an original product deriving from our country and my wife likes to use it every time she cooks, resulting in tasty and full flavored foods. i would strongly recommend this basic component of the mediterranean diet to anyone who want to improve his nutritional habits. being from greece i can say with certainty that this is an original cretan olive oil. its pure and full taste makes it ideal for cooking, salads and dressings. we were thrilled to find here in usa an original product deriving from our country and my wife likes to use it every time she cooks, resulting in tasty and full flavored foods. i would strongly recommend this basic component of the mediterranean diet to anyone who want to improve his nutritional habits. being from greece i can say with certainty that this is an original cretan olive oil. its pure and full taste makes it ideal for cooking, salads and dressings. we were thrilled to find here in usa an original product deriving from our country and my wife likes to use it every time she cooks, resulting in tasty and full flavored foods. i would strongly recommend this basic component of the mediterranean diet to anyone who want to improve his nutritional habits. i use this olive oil for salads, dipping bread in it, hummus, and sauteing veggies and meat. its a very high quality oil with a delicious taste! try the oil by itself and compare to another olive oil and you'll see the difference! i've gotten my girlfriend and my mom both hooked on it. in addition, it has been great getting to know nick who helps manage the production as compared to what you buy in the store from a big brand since he goes to the farmers markets here in cincinnati and lets people sample the oil. i've only recently found how much better local veggies and other products at the farmers market can really taste, all for just a couple extra dollars. a bottle of olive oil lasts a long time so paying a couple extra dollars compared to buying another cheaper brand, is more than worth it! i use this olive oil for salads, dipping bread in it, hummus, and sauteing veggies and meat. its a very high quality oil with a delicious taste! try the oil by itself and compare to another olive oil and you'll see the difference! i've gotten my girlfriend and my mom both hooked on it. in addition, it has been great getting to know nick who helps manage the production as compared to what you buy in the store from a big brand since he goes to the farmers markets here in cincinnati and lets people sample the oil. i've only recently found how much better local veggies and other products at the farmers market can really taste, all for just a couple extra dollars. a bottle of olive oil lasts a long time so paying a couple extra dollars compared to buying another cheaper brand, is more than worth it! i use this olive oil for salads, dipping bread in it, hummus, and sauteing veggies and meat. its a very high quality oil with a delicious taste! try the oil by itself and compare to another olive oil and you'll see the difference! i've gotten my girlfriend and my mom both hooked on it. in addition, it has been great getting to know nick who helps manage the production as compared to what you buy in the store from a big brand since he goes to the farmers markets here in cincinnati and lets people sample the oil. i've only recently found how much better local veggies and other products at the farmers market can really taste, all for just a couple extra dollars. a bottle of olive oil lasts a long time so paying a couple extra dollars compared to buying another cheaper brand, is more than worth it! i use this olive oil for salads, dipping bread in it, hummus, and sauteing veggies and meat. its a very high quality oil with a delicious taste! try the oil by itself and compare to another olive oil and you'll see the difference! i've gotten my girlfriend and my mom both hooked on it. in addition, it has been great getting to know nick who helps manage the production as compared to what you buy in the store from a big brand since he goes to the farmers markets here in cincinnati and lets people sample the oil. i've only recently found how much better local veggies and other products at the farmers market can really taste, all for just a couple extra dollars. a bottle of olive oil lasts a long time so paying a couple extra dollars compared to buying another cheaper brand, is more than worth it! i use this olive oil for salads, dipping bread in it, hummus, and sauteing veggies and meat. its a very high quality oil with a delicious taste! try the oil by itself and compare to another olive oil and you'll see the difference! i've gotten my girlfriend and my mom both hooked on it. in addition, it has been great getting to know nick who helps manage the production as compared to what you buy in the store from a big brand since he goes to the farmers markets here in cincinnati and lets people sample the oil. i've only recently found how much better local veggies and other products at the farmers market can really taste, all for just a couple extra dollars. a bottle of olive oil lasts a long time so paying a couple extra dollars compared to buying another cheaper brand, is more than worth it! i'm a little biased in my review, but i firmly believe that mt. kofinas extra virgin olive oil is the best olive oil you can buy. it has the best blend of flavor and low acidity that i've tastes anywhere. i've tastes olive oils that say they have .1 acidity levels, but then they don't taste like anything at all. i've also tastes olive oils that claim all sorts of awards that have made me have a coughing fit from their pepperiness. here's what i think it's all about the flavor, and mt. kofinas simply tastes the best. also, since it's sources from one area, i'm not worried about any other oils being in my delicious extra virgin olive oil. if you want to taste some truly delicious olive oil that doesn't cost a lot, try mt. kofinas olive oil. i'm a little biased in my review, but i firmly believe that mt. kofinas extra virgin olive oil is the best olive oil you can buy. it has the best blend of flavor and low acidity that i've tastes anywhere. i've tastes olive oils that say they have .1 acidity levels, but then they don't taste like anything at all. i've also tastes olive oils that claim all sorts of awards that have made me have a coughing fit from their pepperiness. here's what i think it's all about the flavor, and mt. kofinas simply tastes the best. also, since it's sources from one area, i'm not worried about any other oils being in my delicious extra virgin olive oil. if you want to taste some truly delicious olive oil that doesn't cost a lot, try mt. kofinas olive oil. i'm a little biased in my review, but i firmly believe that mt. kofinas extra virgin olive oil is the best olive oil you can buy. it has the best blend of flavor and low acidity that i've tastes anywhere. i've tastes olive oils that say they have .1 acidity levels, but then they don't taste like anything at all. i've also tastes olive oils that claim all sorts of awards that have made me have a coughing fit from their pepperiness. here's what i think it's all about the flavor, and mt. kofinas simply tastes the best. also, since it's sources from one area, i'm not worried about any other oils being in my delicious extra virgin olive oil. if you want to taste some truly delicious olive oil that doesn't cost a lot, try mt. kofinas olive oil. i'm a little biased in my review, but i firmly believe that mt. kofinas extra virgin olive oil is the best olive oil you can buy. it has the best blend of flavor and low acidity that i've tastes anywhere. i've tastes olive oils that say they have .1 acidity levels, but then they don't taste like anything at all. i've also tastes olive oils that claim all sorts of awards that have made me have a coughing fit from their pepperiness. here's what i think it's all about the flavor, and mt. kofinas simply tastes the best. also, since it's sources from one area, i'm not worried about any other oils being in my delicious extra virgin olive oil. if you want to taste some truly delicious olive oil that doesn't cost a lot, try mt. kofinas olive oil. i'm a little biased in my review, but i firmly believe that mt. kofinas extra virgin olive oil is the best olive oil you can buy. it has the best blend of flavor and low acidity that i've tastes anywhere. i've tastes olive oils that say they have .1 acidity levels, but then they don't taste like anything at all. i've also tastes olive oils that claim all sorts of awards that have made me have a coughing fit from their pepperiness. here's what i think it's all about the flavor, and mt. kofinas simply tastes the best. also, since it's sources from one area, i'm not worried about any other oils being in my delicious extra virgin olive oil. if you want to taste some truly delicious olive oil that doesn't cost a lot, try mt. kofinas olive oil. i picked up my first bottle at our local farmers' market. we loved it so much. so flavorful. but sadly, there is no farmers' market in the winter. so glad to see it on amazon. i picked up my first bottle at our local farmers' market. we loved it so much. so flavorful. but sadly, there is no farmers' market in the winter. so glad to see it on amazon. i picked up my first bottle at our local farmers' market. we loved it so much. so flavorful. but sadly, there is no farmers' market in the winter. so glad to see it on amazon. i picked up my first bottle at our local farmers' market. we loved it so much. so flavorful. but sadly, there is no farmers' market in the winter. so glad to see it on amazon. i picked up my first bottle at our local farmers' market. we loved it so much. so flavorful. but sadly, there is no farmers' market in the winter. so glad to see it on amazon. this olive oil is great. tastes very good and is outstanding for use with bread, pasta, and for cooking in general. love the flavor. this olive oil is great. tastes very good and is outstanding for use with bread, pasta, and for cooking in general. love the flavor. this olive oil is great. tastes very good and is outstanding for use with bread, pasta, and for cooking in general. love the flavor. this olive oil is great. tastes very good and is outstanding for use with bread, pasta, and for cooking in general. love the flavor. this olive oil is great. tastes very good and is outstanding for use with bread, pasta, and for cooking in general. love the flavor.",kofinas extra virgin olive oil is the best olive oil you can buy. kofinas extra virgin olive oil is the best olive oil you can buy. kofinas extra virgin olive oil is the best olive oil you can buy.,"Mt. kofinas extra virgin olive oil is the best olive oil you can buy. It has the best blend of flavor and low acidity that i've tastes anywhere. i use this olive oil for salads, dipping bread in it, hummus, and sauteing veggies and meat.","the best blend of flavor and low acidity that i've tastes anywhere. i've made me have a coughing fit from their pepperiness. i've also tastes olive oils that say they have.1 acidity levels, but then they don't taste like anything at all. i've also tastes olive oils that say they have.1 acidity levels, but then they don't taste like anything at all. if you want to taste some truly delicious olive oil that doesn't cost","olive oil is one of those things that you can't go wrong with, especially if you buy it from a local farmer. olive oil is one of those things that you can't go wrong with, especially if you buy it from a local farmer.","The overall sentiment of the customer reviews is extremely positive, with customers expressing their satisfaction and enthusiasm for the product's taste and authenticity. The key product strengths mentioned include its pure and full taste, making it ideal for various uses such as cooking, salads, and dressings. Customers also appreciate the product's origin from Greece and the personal connection they have with the producer. Common complaints are not present in the reviews.","The overall sentiment of these customer reviews is overwhelmingly positive, with customers praising the high quality and delicious taste of the Mt. Kofinas Extra Virgin Olive Oil. Key product strengths mentioned include its pure and full taste, ideal for cooking, salads, and dressings, as well as its high quality and low acidity. Common complaints are not mentioned, as the reviews are primarily focused on the product's positive qualities. Customers also appreciate the personal touch of the company, with one reviewer mentioning the opportunity to sample the oil at farmers markets and get to know the person managing the production. Overall, the reviews suggest that Mt. Kofinas Extra Virgin Olive Oil is a premium product that is worth the extra cost."
B001EX9LGQ,our cats just love this stuff. they eat the ultra premium dry food and ocean fish canned food. we've given them some of the other formulas and they'd slowly eat them but they won't leave the ocean fish alone. our cats just love this stuff. they eat the ultra premium dry food and ocean fish canned food. we've given them some of the other formulas and they'd slowly eat them but they won't leave the ocean fish alone. very healthy ingredients..compared to store brands..my cats love this..they are fussy eaters..so i think many cats would love this food..will buy it again. very healthy ingredients..compared to store brands..my cats love this..they are fussy eaters..so i think many cats would love this food..will buy it again.,our cats just love this stuff. we've given them some of the other formulas and they'd slowly eat them but they won't leave the ocean fish alone. our cats just love this stuff.,our cats just love this stuff. they eat the ultra premium dry food and ocean fish canned food. we've given them some of the other formulas and they'd slowly eat them but they won't leave the ocean fish alone. very healthy ingredients..compared to store brands..my cats love this.,i think many cats would love this food..will buy it again. very healthy ingredients..compared to store brands..my cats love this..they are fussy eaters..so i think many cats would love this food..will buy it again.,I've been feeding this food to my two cats for the past two years and they've been hooked..I've been feeding this food to my two cats for the past two years and they've been hooked..I think many cats would love this food..will buy it again.,"You are analyzing customer reviews for a product.

Summarize the following customer reviews into a concise paragraph.

Your summary must include:
- overall sentiment
- key product strengths
- common complaints

Do not invent information that is not present in the reviews.

Reviews:
our cats just love this stuff. they eat the ultra premium dry food and ocean fish canned food. we've given them some of the other formulas and they'd slowly eat them but they won't leave the ocean fish alone. our cats just love this stuff. they eat the ultra premium dry food and ocean fish canned food. we've given them some of the other formulas and they'd slowly eat them but they won't leave the ocean fish alone. very healthy ingredients..compared to store brands..my cats love this..they are fussy eaters..so i think many cats would love this food..will buy it again. very healthy ingredients..compared to store brands..my cats love this..they are fussy eaters..so i think many cats would love this food..will buy it again.

Summary:
The overall sentiment of the customer reviews is extremely positive, with cats showing strong preferences for the Ocean Fish formula of the product. The key product strengths mentioned include the high-quality, healthy ingredients and the fact that even fussy eaters seem to enjoy the food. Common complaints were not present in the reviews.","You are analyzing customer reviews for a product.

Summarize the following customer reviews into a concise paragraph.

Your summary must include:
- overall sentiment
- key product strengths
- common complaints

Do not invent information that is not present in the reviews.

Reviews:
our cats just love this stuff. they eat the ultra premium dry food and ocean fish canned food. we've given them some of the other formulas and they'd slowly eat them but they won't leave the ocean fish alone. our cats just love this stuff. they eat the ultra premium dry food and ocean fish canned food. we've given them some of the other formulas and they'd slowly eat them but they won't leave the ocean fish alone. very healthy ingredients..compared to store brands..my cats love this..they are fussy eaters..so i think many cats would love this food..will buy it again. very healthy ingredients..compared to store brands..my cats love this..they are fussy eaters..so i think many cats would love this food..will buy it again.

Summary: 
The overall sentiment of these reviews is overwhelmingly positive. The key product strengths mentioned are the high-quality ingredients, particularly the ocean fish formula, which is a clear favorite among the reviewer's cats. The common complaint mentioned is that some cats may be picky eaters, but the reviewer's cats love this food and will not leave it alone. The reviewer also compares the product favorably to store brands, stating that the ingredients are healthier. Overall, the reviewer is very satisfied with the product and plans to buy it again.  (Note: There are only two reviews, but they are identical, so I summarized them together."
B0062I862I,"anyone who knows yaucono will like the new packaging of mylar-laminated plastic. i wonder how long they packaged in layers of paper? if you have not had this very rich puerto rican coffee, you must sample it and then buy in bulk. juan valdez might have a good bean, but the puerto ricans do it better. anyone who knows yaucono will like the new packaging of mylar-laminated plastic. i wonder how long they packaged in layers of paper? if you have not had this very rich puerto rican coffee, you must sample it and then buy in bulk. juan valdez might have a good bean, but the puerto ricans do it better. i love this coffee. i tried it in puerto rico on our honeymoon and am hooked! i may even go back to puerto rico and get more! i love this coffee. i tried it in puerto rico on our honeymoon and am hooked! i may even go back to puerto rico and get more!","if you have not had this very rich puerto rican coffee, you must sample it and then buy in bulk. if you have not had this very rich puerto rican coffee, you must sample it and then buy in bulk. i tried it in puerto rico on our honeymoon and am hooked!","anyone who knows yaucono will like the new packaging of mylar-laminated plastic. i wonder how long they packaged in layers of paper? if you have not had this very rich puerto rican coffee, you must sample it and then buy in bulk. juan valdez might have a good bean, but the puerto ricans do it better.",i love this coffee. i tried it in puerto rico on our honeymoon and am hooked! i i love this coffee. i tried it in puerto rico on our honeymoon and am hooked! i wonder how long they packaged in layers of paper? anyone who knows yaucono will like the new packaging of mylar-laminated plastic. anyone who knows yaucono will like the new packaging of mylar-laminated plastic.,"Is there a better cup of rican coffee than the one you get from yaucono, or is it better to buy it in bulk and sample it before you buy it, or is it better to buy it in a single cup?","You are analyzing customer reviews for a product.

Summarize the following customer reviews into a concise paragraph.

Your summary must include:
- overall sentiment
- key product strengths
- common complaints

Do not invent information that is not present in the reviews.

Reviews:
anyone who knows yaucono will like the new packaging of mylar-laminated plastic. i wonder how long they packaged in layers of paper? if you have not had this very rich puerto rican coffee, you must sample it and then buy in bulk. juan valdez might have a good bean, but the puerto ricans do it better. anyone who knows yaucono will like the new packaging of mylar-laminated plastic. i wonder how long they packaged in layers of paper? if you have not had this very rich puerto rican coffee, you must sample it and then buy in bulk. juan valdez might have a good bean, but the puerto ricans do it better. i love this coffee. i tried it in puerto rico on our honeymoon and am hooked! i may even go back to puerto rico and get more! i love this coffee. i tried it in puerto rico on our honeymoon and am hooked! i may even go back to puerto rico and get more!

Summary:
The overall sentiment of these customer reviews is extremely positive, with customers expressing their strong affinity for the Puerto Rican coffee brand Yaucono. The new packaging, specifically the mylar-laminated plastic, is a key strength mentioned by multiple reviewers, as it is seen as an improvement over the previous paper packaging. The rich and unique flavor of the coffee is another common theme, with customers comparing it favorably to other popular brands and expressing a desire to purchase in bulk. However, there are no mentions of specific complaints or issues in these reviews.","You are analyzing customer reviews for a product.

Summarize the following customer reviews into a concise paragraph.

Your summary must include:
- overall sentiment
- key product strengths
- common complaints

Do not invent information that is not present in the reviews.

Reviews:
anyone who knows yaucono will like the new packaging of mylar-laminated plastic. i wonder how long they packaged in layers of paper? if you have not had this very rich puerto rican coffee, you must sample it and then buy in bulk. juan valdez might have a good bean, but the puerto ricans do it better. anyone who knows yaucono will like the new packaging of mylar-laminated plastic. i wonder how long they packaged in layers of paper? if you have not had this very rich puerto rican coffee, you must sample it and then buy in bulk. juan valdez might have a good bean, but the puerto ricans do it better. i love this coffee. i tried it in puerto rico on our honeymoon and am hooked! i may even go back to puerto rico and get more! i love this coffee. i tried it in puerto rico on our honeymoon and am hooked! i may even go back to puerto rico and get more!

Summary: 
The overall sentiment of the reviews is overwhelmingly positive. The key product strengths mentioned are the rich flavor and high quality of the coffee, as well as the new packaging. The common complaint is the previous packaging method, which was layers of paper. The reviewer also compares the coffee to Juan Valdez, stating that Puerto Rican coffee is better. The reviewer is very enthusiastic about the coffee and recommends it to others, even going so far as to say they may return to Puerto Rico to get more. The reviewer also mentions that they tried the coffee in Puerto Rico on their honeymoon and are now hooked. Overall, the reviews suggest that the coffee is of high quality and that the new packaging is an improvement."
B004QDMY42,"it only takes a cursory look at my reviewing history to realize that i haven't exactly made a career out of rating gum, but this new trident vitality is so darn good that i thought i'd better get in a few words on it. i've tried all three of the available flavors and can't seem to choose a favorite. the peppermint with ginseng flavor reviewed here is definitely pretty awesome. the gum has the physical profile of an old-school chicklet. it only takes a bite or two for the strong peppermint flavor to kick in. and man, does this gum last. i can usually go a good 3-4 hours and still get some flavor out of this stuff. that makes it a good value in my book for sure. typically retails for around 1.39 pack at my local grocer, although i've caught it on sale for under a dollar once or twice. highly recommended. it only takes a cursory look at my reviewing history to realize that i haven't exactly made a career out of rating gum, but this new trident vitality is so darn good that i thought i'd better get in a few words on it. i've tried all three of the available flavors and can't seem to choose a favorite. the peppermint with ginseng flavor reviewed here is definitely pretty awesome. the gum has the physical profile of an old-school chicklet. it only takes a bite or two for the strong peppermint flavor to kick in. and man, does this gum last. i can usually go a good 3-4 hours and still get some flavor out of this stuff. that makes it a good value in my book for sure. typically retails for around 1.39 pack at my local grocer, although i've caught it on sale for under a dollar once or twice. highly recommended. hi, i ordered this product from another website but i wanted to post a review on here since it has the same product. okay first of all the packaging looks nice and neat not messy like others, just pure and simple...maybe too simple?. they dont give the ingredients info which is an automatic fail, on the back it says allergy warning contains soy another fail they dont tell us what the gum does, does it whiten teeth? fight bad breath? or what!? you know... it has the word vitality, which means active but thats all they say nothing more?.... the taste is like any other gum hi, i ordered this product from another website but i wanted to post a review on here since it has the same product. okay first of all the packaging looks nice and neat not messy like others, just pure and simple...maybe too simple?. they dont give the ingredients info which is an automatic fail, on the back it says allergy warning contains soy another fail they dont tell us what the gum does, does it whiten teeth? fight bad breath? or what!? you know... it has the word vitality, which means active but thats all they say nothing more?.... the taste is like any other gum","they dont give the ingredients info which is an automatic fail, on the back it says allergy warning contains soy another fail they dont tell us what the gum does, does it whiten teeth? the taste is like any other gum hi, i ordered this product from another website but i wanted to post a review on here since it has the same product. they dont give the ingredients info which is an automatic fail, on the back it says allergy warning contains soy another fail they dont tell us what the gum does, does it whiten teeth?","The peppermint with ginseng flavor reviewed here is definitely pretty awesome. The gum has the physical profile of an old-school chicklet. It only takes a bite or two for the strong peppermint flavor to kick in. typically retails for around 1.39 pack at my local grocer, although i've caught it on sale for under a dollar once or twice.",hi hi hi hi hi hi hi hi hi hi hi hi hi hi hi hi hi hi hi hi hi hi hi hi hi hi hi hi hi hi hi hi hi hi hi hi hi hi hi hi hi hi hi hi hi hi hi hi hi hi hi hi hi hi hi hi hi hi hi hi hi hi hi hi hi hi hi hi hi hi hi hi hi hi hi hi hi hi hi hi hi hi hi hi hi hi hi hi hi hi hi hi hi hi hi hi hi hi hi hi hi hi hi hi hi hi hi hi hi hi hi hi,I have tried many gum products and this is the first one that i have tried that claims to fight bad breath and whiten teeth. I have tried many gum products and this is the first one that i have tried that claims to fight bad breath and whiten teeth.,"You are analyzing customer reviews for a product.

Summarize the following customer reviews into a concise paragraph.

Your summary must include:
- overall sentiment
- key product strengths
- common complaints

Do not invent information that is not present in the reviews.

Reviews:
it only takes a cursory look at my reviewing history to realize that i haven't exactly made a career out of rating gum, but this new trident vitality is so darn good that i thought i'd better get in a few words on it. i've tried all three of the available flavors and can't seem to choose a favorite. the peppermint with ginseng flavor reviewed here is definitely pretty awesome. the gum has the physical profile of an old-school chicklet. it only takes a bite or two for the strong peppermint flavor to kick in. and man, does this gum last. i can usually go a good 3-4 hours and still get some flavor out of this stuff. that makes it a good value in my book for sure. typically retails for around 1.39 pack at my local grocer, although i've caught it on sale for under a dollar once or twice. highly recommended. it only takes a cursory look at my reviewing history to realize that i haven't exactly made a career out of rating gum, but this new trident vitality is so darn good that i thought i'd better get in a few words on it. i've tried all three of the available flavors and can't seem to choose a favorite. the peppermint with ginseng flavor reviewed here is definitely pretty awesome. the gum has the physical profile of an old-school chicklet. it only takes a bite or two for the strong peppermint flavor to kick in. and man, does this gum last. i can usually go a good 3-4 hours and still get some flavor out of this stuff. that makes it a good value in my book for sure. typically retails for around 1.39 pack at my local grocer, although i've caught it on sale for under a dollar once or twice. highly recommended. hi, i ordered this product from another website but i wanted to post a review on here since it has the same product. okay first of all the packaging looks nice and neat not messy like others, just pure and simple...maybe too simple?. they dont give the ingredients info which is an automatic fail, on the back it says allergy warning contains soy another fail they dont tell us what the gum does, does it whiten teeth? fight bad breath? or what!? you know... it has the word vitality, which means active but thats all they say nothing more?.... the taste is like any other gum hi, i ordered this product from another website but i wanted to post a review on here since it has the same product. okay first of all the packaging looks nice and neat not messy like others, just pure and simple...maybe too simple?. they dont give the ingredients info which is an automatic fail, on the back it says allergy warning contains soy another fail they dont tell us what the gum does, does it whiten teeth? fight bad breath? or what!? you know... it has the word vitality, which means active but thats all they say nothing more?.... the taste is like any other gum

Summary:
The overall sentiment of the customer reviews is positive, with customers praising the long-lasting flavor and strong peppermint taste of Trident Vitality gum. The gum's old-school chicklet texture is also mentioned as a key strength. However, some customers expressed disappointment with the lack of information on the packaging, including the absence of ingredients and a clear description of the product's benefits. The taste of the gum was described as similar to any other gum by one customer.","You are analyzing customer reviews for a product.

Summarize the following customer reviews into a concise paragraph.

Your summary must include:
- overall sentiment
- key product strengths
- common complaints

Do not invent information that is not present in the reviews.

Reviews:
it only takes a cursory look at my reviewing history to realize that i haven't exactly made a career out of rating gum, but this new trident vitality is so darn good that i thought i'd better get in a few words on it. i've tried all three of the available flavors and can't seem to choose a favorite. the peppermint with ginseng flavor reviewed here is definitely pretty awesome. the gum has the physical profile of an old-school chicklet. it only takes a bite or two for the strong peppermint flavor to kick in. and man, does this gum last. i can usually go a good 3-4 hours and still get some flavor out of this stuff. that makes it a good value in my book for sure. typically retails for around 1.39 pack at my local grocer, although i've caught it on sale for under a dollar once or twice. highly recommended. it only takes a cursory look at my reviewing history to realize that i haven't exactly made a career out of rating gum, but this new trident vitality is so darn good that i thought i'd better get in a few words on it. i've tried all three of the available flavors and can't seem to choose a favorite. the peppermint with ginseng flavor reviewed here is definitely pretty awesome. the gum has the physical profile of an old-school chicklet. it only takes a bite or two for the strong peppermint flavor to kick in. and man, does this gum last. i can usually go a good 3-4 hours and still get some flavor out of this stuff. that makes it a good value in my book for sure. typically retails for around 1.39 pack at my local grocer, although i've caught it on sale for under a dollar once or twice. highly recommended. hi, i ordered this product from another website but i wanted to post a review on here since it has the same product. okay first of all the packaging looks nice and neat not messy like others, just pure and simple...maybe too simple?. they dont give the ingredients info which is an automatic fail, on the back it says allergy warning contains soy another fail they dont tell us what the gum does, does it whiten teeth? fight bad breath? or what!? you know... it has the word vitality, which means active but thats all they say nothing more?.... the taste is like any other gum hi, i ordered this product from another website but i wanted to post a review on here since it has the same product. okay first of all the packaging looks nice and neat not messy like others, just pure and simple...maybe too simple?. they dont give the ingredients info which is an automatic fail, on the back it says allergy warning contains soy another fail they dont tell us what the gum does, does it whiten teeth? fight bad breath? or what!? you know... it has the word vitality, which means active but thats all they say nothing more?.... the taste is like any other gum

Summary: 
The overall sentiment of the reviews is overwhelmingly positive. The key product strengths mentioned are the long-lasting flavor, strong peppermint taste, and good value for the price. The common complaints are the lack of transparency regarding ingredients and the purpose of the product, with one reviewer expressing disappointment that the packaging is too simple and another reviewer feeling that the product does not provide enough information about its benefits. 

Note: The reviews are from the same customer, but they are posted separately and are included in the summary as they provide different perspectives on the product.  The customer's first review is very positive, highlighting the product's strengths, while the second review is more critical, focusing on the product's weaknesses."
B002GURBZ4,"i bought two types of edible glitter to decorate a plain cake. this one was by far the most stunning. the other silver went on grey not that appetizing whereas this one had tonnes of sparkle and really made a statement. highly recommended. nice fast delivery too. i bought two types of edible glitter to decorate a plain cake. this one was by far the most stunning. the other silver went on grey not that appetizing whereas this one had tonnes of sparkle and really made a statement. highly recommended. nice fast delivery too. i bought two types of edible glitter to decorate a plain cake. this one was by far the most stunning. the other silver went on grey not that appetizing whereas this one had tonnes of sparkle and really made a statement. highly recommended. nice fast delivery too. i bought two types of edible glitter to decorate a plain cake. this one was by far the most stunning. the other silver went on grey not that appetizing whereas this one had tonnes of sparkle and really made a statement. highly recommended. nice fast delivery too. i bought two types of edible glitter to decorate a plain cake. this one was by far the most stunning. the other silver went on grey not that appetizing whereas this one had tonnes of sparkle and really made a statement. highly recommended. nice fast delivery too. i bought two types of edible glitter to decorate a plain cake. this one was by far the most stunning. the other silver went on grey not that appetizing whereas this one had tonnes of sparkle and really made a statement. highly recommended. nice fast delivery too. i bought two types of edible glitter to decorate a plain cake. this one was by far the most stunning. the other silver went on grey not that appetizing whereas this one had tonnes of sparkle and really made a statement. highly recommended. nice fast delivery too. i need every color that is available ! love this product! ! received shipment very fast! very happy with this product, will buy more. i need every color that is available ! love this product! ! received shipment very fast! very happy with this product, will buy more. i need every color that is available ! love this product! ! received shipment very fast! very happy with this product, will buy more. i need every color that is available ! love this product! ! received shipment very fast! very happy with this product, will buy more. i need every color that is available ! love this product! ! received shipment very fast! very happy with this product, will buy more. i need every color that is available ! love this product! ! received shipment very fast! very happy with this product, will buy more. i need every color that is available ! love this product! ! received shipment very fast! very happy with this product, will buy more. i ordered this glitter based on the fact it advertised it was edible. i wouldn't even try to feed this to anyone let alone on a cake for children! i read several reviews and they all said how fantastic it was so i purchased on good faith. when it arrived i wanted to see if it had a taste...it tastes like i assume craft glitter would taste. i packaged it to send it back but didn't. if you want a trust worthy edible glitter, stick with wilton products. i ordered this glitter based on the fact it advertised it was edible. i wouldn't even try to feed this to anyone let alone on a cake for children! i read several reviews and they all said how fantastic it was so i purchased on good faith. when it arrived i wanted to see if it had a taste...it tastes like i assume craft glitter would taste. i packaged it to send it back but didn't. if you want a trust worthy edible glitter, stick with wilton products. i ordered this glitter based on the fact it advertised it was edible. i wouldn't even try to feed this to anyone let alone on a cake for children! i read several reviews and they all said how fantastic it was so i purchased on good faith. when it arrived i wanted to see if it had a taste...it tastes like i assume craft glitter would taste. i packaged it to send it back but didn't. if you want a trust worthy edible glitter, stick with wilton products. i ordered this glitter based on the fact it advertised it was edible. i wouldn't even try to feed this to anyone let alone on a cake for children! i read several reviews and they all said how fantastic it was so i purchased on good faith. when it arrived i wanted to see if it had a taste...it tastes like i assume craft glitter would taste. i packaged it to send it back but didn't. if you want a trust worthy edible glitter, stick with wilton products. i ordered this glitter based on the fact it advertised it was edible. i wouldn't even try to feed this to anyone let alone on a cake for children! i read several reviews and they all said how fantastic it was so i purchased on good faith. when it arrived i wanted to see if it had a taste...it tastes like i assume craft glitter would taste. i packaged it to send it back but didn't. if you want a trust worthy edible glitter, stick with wilton products. i ordered this glitter based on the fact it advertised it was edible. i wouldn't even try to feed this to anyone let alone on a cake for children! i read several reviews and they all said how fantastic it was so i purchased on good faith. when it arrived i wanted to see if it had a taste...it tastes like i assume craft glitter would taste. i packaged it to send it back but didn't. if you want a trust worthy edible glitter, stick with wilton products. i ordered this glitter based on the fact it advertised it was edible. i wouldn't even try to feed this to anyone let alone on a cake for children! i read several reviews and they all said how fantastic it was so i purchased on good faith. when it arrived i wanted to see if it had a taste...it tastes like i assume craft glitter would taste. i packaged it to send it back but didn't. if you want a trust worthy edible glitter, stick with wilton products. this stuff worked out great for my disco ball birthday cake. my customer loved it! check it out ... if you are looking for a great way to add that little extra something for your treats, you found it. this stuff worked out great for my disco ball birthday cake. my customer loved it! check it out ... if you are looking for a great way to add that little extra something for your treats, you found it. this stuff worked out great for my disco ball birthday cake. my customer loved it! check it out ... if you are looking for a great way to add that little extra something for your treats, you found it. this stuff worked out great for my disco ball birthday cake. my customer loved it! check it out ... if you are looking for a great way to add that little extra something for your treats, you found it. this stuff worked out great for my disco ball birthday cake. my customer loved it! check it out ... if you are looking for a great way to add that little extra something for your treats, you found it. this stuff worked out great for my disco ball birthday cake. my customer loved it! check it out ... if you are looking for a great way to add that little extra something for your treats, you found it. this stuff worked out great for my disco ball birthday cake. my customer loved it! check it out ... if you are looking for a great way to add that little extra something for your treats, you found it. i used this product on a cake topper for a wedding cake that i made. it worked out so well. bride groom were very happy and got non-stop compliments!! i used this product on a cake topper for a wedding cake that i made. it worked out so well. bride groom were very happy and got non-stop compliments!! i used this product on a cake topper for a wedding cake that i made. it worked out so well. bride groom were very happy and got non-stop compliments!! i used this product on a cake topper for a wedding cake that i made. it worked out so well. bride groom were very happy and got non-stop compliments!! i used this product on a cake topper for a wedding cake that i made. it worked out so well. bride groom were very happy and got non-stop compliments!! i used this product on a cake topper for a wedding cake that i made. it worked out so well. bride groom were very happy and got non-stop compliments!! i used this product on a cake topper for a wedding cake that i made. it worked out so well. bride groom were very happy and got non-stop compliments!! simply wonderful! it adds that last little bit of wow to your cake creations. i will be back for more! simply wonderful! it adds that last little bit of wow to your cake creations. i will be back for more! simply wonderful! it adds that last little bit of wow to your cake creations. i will be back for more! simply wonderful! it adds that last little bit of wow to your cake creations. i will be back for more! simply wonderful! it adds that last little bit of wow to your cake creations. i will be back for more! simply wonderful! it adds that last little bit of wow to your cake creations. i will be back for more! simply wonderful! it adds that last little bit of wow to your cake creations. i will be back for more! totally amazed at how far a small amount of this glitter can be spread. i bought 3 to decorate a wedding cake used less than 1 2 of one! it was beautiful worth the money. totally amazed at how far a small amount of this glitter can be spread. i bought 3 to decorate a wedding cake used less than 1 2 of one! it was beautiful worth the money. totally amazed at how far a small amount of this glitter can be spread. i bought 3 to decorate a wedding cake used less than 1 2 of one! it was beautiful worth the money. totally amazed at how far a small amount of this glitter can be spread. i bought 3 to decorate a wedding cake used less than 1 2 of one! it was beautiful worth the money. totally amazed at how far a small amount of this glitter can be spread. i bought 3 to decorate a wedding cake used less than 1 2 of one! it was beautiful worth the money. totally amazed at how far a small amount of this glitter can be spread. i bought 3 to decorate a wedding cake used less than 1 2 of one! it was beautiful worth the money. totally amazed at how far a small amount of this glitter can be spread. i bought 3 to decorate a wedding cake used less than 1 2 of one! it was beautiful worth the money.",i used this product on a cake topper for a wedding cake that i made. i used this product on a cake topper for a wedding cake that i made. i used this product on a cake topper for a wedding cake that i made.,"i bought two types of edible glitter to decorate a plain cake. this one was by far the most stunning. the other silver went on grey not that appetizing. i need every color that is available! love this product!! received shipment very fast! very happy with this product, will buy more.",i at how far a small amount of this glitter can be spread. i bought 3 to decorate a wedding cake used less than 1 2 of one! it was beautiful worth the money. at how at how far a small amount of this glitter can be spread. i bought 3 to decorate a wedding cake used less than 1 2 of at how. see... it like. send was was was was edible product product,"edible glitter, edible glitter, edible glitter, edible glitter, edible glitter, edible glitter, edible glitter, edible glitter, edible glitter, edible glitter, edible glitter, edible glitter, edible glitter, edible glitter, edible glitter, edible glitter, edible glitter, edible glitter, edible glitter, edible glitter.","The overall sentiment of the customer reviews is overwhelmingly positive, with customers praising the product's stunning sparkle and fast delivery. The key product strength mentioned in multiple reviews is the glitter's ability to add a significant visual impact to cakes and other treats. Common complaints include the other type of edible glitter not living up to expectations in terms of appearance and taste. Some customers also expressed disappointment that the product was not truly edible as advertised. However, the majority of reviews are highly recommended and express satisfaction with the product and the speedy delivery.","loved it! check

Summary: The overall sentiment of the reviews is overwhelmingly positive, with many customers praising the product's sparkle and effectiveness in decorating cakes. Key product strengths include its ability to add a lot of sparkle and make a statement, as well as its fast delivery. However, one customer had a negative experience with the product, stating that it tasted like craft glitter and was not edible. This customer advises others to stick with Wilton products for trust-worthy edible glitter. Common complaints include the product's lack of edibility and the potential for it to be used as a substitute for edible glitter. Overall, the product seems to be well-liked by most customers, but there are some concerns about its edibility."
B001GVISJW,"i bought this for our office to give people something sweet to snack on. because it's bite size it's easier for people to grab a couple a pieces rather than an entire licorice stick. my only complaint is that one of the bags broke open in shipping. i bought this for our office to give people something sweet to snack on. because it's bite size it's easier for people to grab a couple a pieces rather than an entire licorice stick. my only complaint is that one of the bags broke open in shipping. i bought this for our office to give people something sweet to snack on. because it's bite size it's easier for people to grab a couple a pieces rather than an entire licorice stick. my only complaint is that one of the bags broke open in shipping. i bought this for our office to give people something sweet to snack on. because it's bite size it's easier for people to grab a couple a pieces rather than an entire licorice stick. my only complaint is that one of the bags broke open in shipping. i bought this for our office to give people something sweet to snack on. because it's bite size it's easier for people to grab a couple a pieces rather than an entire licorice stick. my only complaint is that one of the bags broke open in shipping. twizzlers brand licorice is much better than that other well known brand. if you can get these for 2 to 2.50 a package with free s h it's a good deal. the black and cherry have good taste but the strawberry taste was too delicate and barely there twizzlers brand licorice is much better than that other well known brand. if you can get these for 2 to 2.50 a package with free s h it's a good deal. the black and cherry have good taste but the strawberry taste was too delicate and barely there twizzlers brand licorice is much better than that other well known brand. if you can get these for 2 to 2.50 a package with free s h it's a good deal. the black and cherry have good taste but the strawberry taste was too delicate and barely there twizzlers brand licorice is much better than that other well known brand. if you can get these for 2 to 2.50 a package with free s h it's a good deal. the black and cherry have good taste but the strawberry taste was too delicate and barely there twizzlers brand licorice is much better than that other well known brand. if you can get these for 2 to 2.50 a package with free s h it's a good deal. the black and cherry have good taste but the strawberry taste was too delicate and barely there i love these.........very tasty!!!!!!!!!!! infact, i think i am addicted to them. buying them in packs of 6 bags - is very reasonable than going to target and getting a bag. savings are about a 1.00 a bag. i use subscribe and save on these and several other product. i love subscribe and save!!!!!!!!!!! i love these.........very tasty!!!!!!!!!!! infact, i think i am addicted to them. buying them in packs of 6 bags - is very reasonable than going to target and getting a bag. savings are about a 1.00 a bag. i use subscribe and save on these and several other product. i love subscribe and save!!!!!!!!!!! i love these.........very tasty!!!!!!!!!!! infact, i think i am addicted to them. buying them in packs of 6 bags - is very reasonable than going to target and getting a bag. savings are about a 1.00 a bag. i use subscribe and save on these and several other product. i love subscribe and save!!!!!!!!!!! i love these.........very tasty!!!!!!!!!!! infact, i think i am addicted to them. buying them in packs of 6 bags - is very reasonable than going to target and getting a bag. savings are about a 1.00 a bag. i use subscribe and save on these and several other product. i love subscribe and save!!!!!!!!!!! i love these.........very tasty!!!!!!!!!!! infact, i think i am addicted to them. buying them in packs of 6 bags - is very reasonable than going to target and getting a bag. savings are about a 1.00 a bag. i use subscribe and save on these and several other product. i love subscribe and save!!!!!!!!!!! if you are looking for a less messy version of licorice for the children, then be sure to try these! they're soft, easy to chew, and they don't get your hands all sticky and gross in the car, in the summer, at the beach, etc. we love all the flavos and sometimes mix these in with the chocolate to have a very nice snack! great item, great price too, highly recommend! if you are looking for a less messy version of licorice for the children, then be sure to try these! they're soft, easy to chew, and they don't get your hands all sticky and gross in the car, in the summer, at the beach, etc. we love all the flavos and sometimes mix these in with the chocolate to have a very nice snack! great item, great price too, highly recommend! if you are looking for a less messy version of licorice for the children, then be sure to try these! they're soft, easy to chew, and they don't get your hands all sticky and gross in the car, in the summer, at the beach, etc. we love all the flavos and sometimes mix these in with the chocolate to have a very nice snack! great item, great price too, highly recommend! if you are looking for a less messy version of licorice for the children, then be sure to try these! they're soft, easy to chew, and they don't get your hands all sticky and gross in the car, in the summer, at the beach, etc. we love all the flavos and sometimes mix these in with the chocolate to have a very nice snack! great item, great price too, highly recommend! if you are looking for a less messy version of licorice for the children, then be sure to try these! they're soft, easy to chew, and they don't get your hands all sticky and gross in the car, in the summer, at the beach, etc. we love all the flavos and sometimes mix these in with the chocolate to have a very nice snack! great item, great price too, highly recommend! i might be mistaken, but it appears that the pieces in this bag were reduced in size. if they did do that, it was doubtlessly done to make it appear that the buyer got a better deal, having so many pieces after all. the problem is that the pieces have to be a certain size in order to have enough flavor for your eating experience. as it is, you have to use 2 or 3 pieces to match the old piece size it is not the same. i might be mistaken, but it appears that the pieces in this bag were reduced in size. if they did do that, it was doubtlessly done to make it appear that the buyer got a better deal, having so many pieces after all. the problem is that the pieces have to be a certain size in order to have enough flavor for your eating experience. as it is, you have to use 2 or 3 pieces to match the old piece size it is not the same. i might be mistaken, but it appears that the pieces in this bag were reduced in size. if they did do that, it was doubtlessly done to make it appear that the buyer got a better deal, having so many pieces after all. the problem is that the pieces have to be a certain size in order to have enough flavor for your eating experience. as it is, you have to use 2 or 3 pieces to match the old piece size it is not the same. i might be mistaken, but it appears that the pieces in this bag were reduced in size. if they did do that, it was doubtlessly done to make it appear that the buyer got a better deal, having so many pieces after all. the problem is that the pieces have to be a certain size in order to have enough flavor for your eating experience. as it is, you have to use 2 or 3 pieces to match the old piece size it is not the same. i might be mistaken, but it appears that the pieces in this bag were reduced in size. if they did do that, it was doubtlessly done to make it appear that the buyer got a better deal, having so many pieces after all. the problem is that the pieces have to be a certain size in order to have enough flavor for your eating experience. as it is, you have to use 2 or 3 pieces to match the old piece size it is not the same.",the problem is that the pieces have to be a certain size in order to have enough flavor for your eating experience. the problem is that the pieces have to be a certain size in order to have enough flavor for your eating experience. the problem is that the pieces have to be a certain size in order to have enough flavor for your eating experience.,i bought this for our office to give people something sweet to snack on. because it's bite size it's easier for people to grab a couple a pieces rather than an entire licorice stick. my only complaint is that one of the bags broke open in shipping. the black and cherry have good taste but the strawberry taste was too delicate and barely there.,"the problem is that the pieces in this bag were reduced in size.. i might be wrong, but it appears that the pieces in this bag were reduced in size.. i might be wrong, but it appears that the pieces in this bag were reduced in size.. i use subscribe and save on these and several other product. if you can get these for 2 to 2.50 a package with free s h it's a good deal. the black and cherry have good taste but the strawberry","The twizzlers brand is much better than that other well known brand, the black and cherry taste was too delicate and barely there twizzlers brand is much better than that other well known brand, the black and cherry taste was too delicate and barely there twizzlers brand is much better than that other well known brand, the black and cherry taste was too delicate and barely there twizzlers brand is much better than that other well known brand, the black and cherry taste was too delicate and barely there twizzlers brand is much better than that other well known brand, the black and cherry taste was too delicate and barely there twizzlers brand is much better than that other well known brand, the black and cherry taste was too delicate","The overall sentiment of the customer reviews is positive, with many customers praising the convenience and taste of the bite-sized licorice pieces. The key product strengths mentioned include the ease of grabbing multiple pieces at once, the good taste of the black and cherry flavors, and the less messy nature of the product compared to traditional licorice. Common complaints include the occasional issue with bags breaking open during shipping. Some customers also noted that the strawberry flavor was not as strong as they had hoped. Additionally, a few customers mentioned that the pieces in the bag seemed to be smaller than previous purchases.","The overall sentiment of the reviews is overwhelmingly positive, with many customers praising the product's taste, convenience, and value. Key product strengths mentioned include the bite-sized pieces, soft and easy-to-chew texture, and variety of flavors. Common complaints include the occasional broken bag during shipping and some customers feeling that the pieces have been reduced in size, affecting the flavor experience. One customer also mentioned that the strawberry flavor was too delicate and barely there. Overall, the majority of customers are very satisfied with the product and would recommend it to others."
B004X8TK8I,"whats there to say about a fantastic chocolate chip cookie! the only thing that could be improved is if they offered a bushel box of these so you would not run out so fast. hope these don't go the way of the dinosaur! whats there to say about a fantastic chocolate chip cookie! the only thing that could be improved is if they offered a bushel box of these so you would not run out so fast. hope these don't go the way of the dinosaur! whats there to say about a fantastic chocolate chip cookie! the only thing that could be improved is if they offered a bushel box of these so you would not run out so fast. hope these don't go the way of the dinosaur! whats there to say about a fantastic chocolate chip cookie! the only thing that could be improved is if they offered a bushel box of these so you would not run out so fast. hope these don't go the way of the dinosaur! these arrived on time and packaged in green plastic wrap. the cookies were as fresh as the boxes found in the local grocery store. i have no complaints but i also now have no more cookies. we ate them all! these arrived on time and packaged in green plastic wrap. the cookies were as fresh as the boxes found in the local grocery store. i have no complaints but i also now have no more cookies. we ate them all! these arrived on time and packaged in green plastic wrap. the cookies were as fresh as the boxes found in the local grocery store. i have no complaints but i also now have no more cookies. we ate them all! these arrived on time and packaged in green plastic wrap. the cookies were as fresh as the boxes found in the local grocery store. i have no complaints but i also now have no more cookies. we ate them all! i was not expecting to like these cookies as much as i do. i like chocolate chip cookies well enough, but i really prefer a soft cookie to crisp ones. i have to say these famous amos cookies have pertty much turned me around. the cookies are rich and have that depth of flavor that comes from quality ingredients. the chips are real chocolate and melt redilly in your mouth creating a moist experience while chewing. these are truly great cookies. i was not expecting to like these cookies as much as i do. i like chocolate chip cookies well enough, but i really prefer a soft cookie to crisp ones. i have to say these famous amos cookies have pertty much turned me around. the cookies are rich and have that depth of flavor that comes from quality ingredients. the chips are real chocolate and melt redilly in your mouth creating a moist experience while chewing. these are truly great cookies. i was not expecting to like these cookies as much as i do. i like chocolate chip cookies well enough, but i really prefer a soft cookie to crisp ones. i have to say these famous amos cookies have pertty much turned me around. the cookies are rich and have that depth of flavor that comes from quality ingredients. the chips are real chocolate and melt redilly in your mouth creating a moist experience while chewing. these are truly great cookies. i was not expecting to like these cookies as much as i do. i like chocolate chip cookies well enough, but i really prefer a soft cookie to crisp ones. i have to say these famous amos cookies have pertty much turned me around. the cookies are rich and have that depth of flavor that comes from quality ingredients. the chips are real chocolate and melt redilly in your mouth creating a moist experience while chewing. these are truly great cookies. they aren't fattening and they're good for you, right? that's what i heard, at least, from an admittedly unreliable person. they aren't fattening and they're good for you, right? that's what i heard, at least, from an admittedly unreliable person. they aren't fattening and they're good for you, right? that's what i heard, at least, from an admittedly unreliable person. they aren't fattening and they're good for you, right? that's what i heard, at least, from an admittedly unreliable person.",the cookies are rich and have that depth of flavor that comes from quality ingredients. the cookies are rich and have that depth of flavor that comes from quality ingredients. the cookies are rich and have that depth of flavor that comes from quality ingredients.,"whats there to say about a fantastic chocolate chip cookie! the only thing that could be improved is if they offered a bushel box of these so you would not run out so fast. hope these don't go the way of the dinosaur! i was not expecting to like these cookies as much as i do. i like chocolate chip cookies well enough, but i really prefer a soft cookie to crisp ones.",", from an admittedly unreliable person., from an admittedly unreliable person., from an admittedly unreliable person., from an admittedly unreliable person., from an admittedly unreliable person., from an admittedly unreliable person., from an admittedly unreliable person., from an admittedly unreliable person.",These famous amos cookies are rich and have that depth of that comes from quality ingredients.These amos cookies are rich and have that depth of that comes from quality ingredients.These amos cookies are rich and have that depth of that comes from quality ingredients.,"were as fresh as the boxes found in the local grocery store. i have no complaints but i also now have no more cookies. we ate them all! these arrived on time and packaged in green plastic wrap. the cookies were as fresh as the boxes found in the local grocery store. i have no complaints but i also now have no more cookies. we ate them all! i was not expecting to like these cookies as much as i do. i like chocolate chip cookies well enough, but i really prefer a soft cookie to crisp ones. i have to say these famous amos cookies have pertty much turned me around. the cookies are rich and have that depth of flavor that comes from quality ingredients. the chips are real chocolate and melt redilly in your mouth creating a moist experience while chewing. these are truly great cookies. i was not expecting to like these cookies as much as i do. i like chocolate chip cookies well enough, but i really prefer a soft cookie to crisp ones. i have to say these famous amos cookies have pertty much turned me around. the cookies are rich and have that depth of flavor that comes from quality ingredients. the chips are real chocolate and melt redilly in your mouth creating a moist experience while chewing. these are truly great cookies. i was not expecting to like these cookies as much as i do. i like chocolate chip cookies well enough, but i really prefer a soft cookie to crisp ones. i have to say these famous amos cookies have pertty much turned me around. the cookies are rich and have that depth of flavor that comes from quality ingredients. the chips are real chocolate and melt redilly in your mouth creating a moist experience while chewing. these are truly great cookies. i was not expecting to like these cookies as much as i do. i like chocolate chip cookies well enough, but i really prefer a soft cookie to crisp ones. i have to say these famous amos cookies have pertty much turned me around. the cookies are rich and have that depth of flavor that comes from quality ingredients. the chips are real chocolate and melt redilly in your mouth creating a moist experience while chewing. these are truly great cookies. they aren't fattening and they're good for you, right? that's what i heard, at least, from an admittedly unreliable person. they aren't fattening and they're good for you, right? that's what i heard, at least, from an admittedly unreliable person. they aren't fattening and they're good for you, right? that's what i heard, at least, from an admittedly unreliable person. they aren't fattening and they're good for you, right? that's what i heard, at least, from an admittedly unreliable person.

Summary:
The overall sentiment of the customer reviews is overwhelmingly positive, with customers expressing their love for the product, specifically the chocolate chips in the cookies. The key product strengths mentioned include the cookies being as fresh as those found in local grocery stores, the rich flavor, and the real chocolate chips that melt easily in the mouth. The common complaint is the limited quantity of cookies received, with customers wishing for larger packages to prevent running out so quickly. Some customers also expressed their surprise and delight at the cookies' ability to convert their preference for soft cookies over crisp ones. However, there is a mention of an unfounded belief that the cookies are not fattening or unhealthy.","in green plastic wrap. the cookies were as fresh as the boxes found in the local grocery store. i have no complaints but i also now have no more cookies. we ate them all! these arrived on time and packaged in green plastic wrap. the cookies were as fresh as the boxes found in the local grocery store. i have no complaints but i also now have no more cookies. we ate them all! these arrived on time and packaged in green plastic wrap. the cookies were as fresh as the boxes found in the local grocery store. i have no complaints but i also now have no more cookies. we ate them all! these arrived on time and packaged in green plastic wrap. the cookies were as fresh as the boxes found in the local grocery store. i have no complaints but i also now have no more cookies. we ate them all! i was not expecting to like these cookies as much as i do. i like chocolate chip cookies well enough, but i really prefer a soft cookie to crisp ones. i have to say these famous amos cookies have pertty much turned me around. the cookies are rich and have that depth of flavor that comes from quality ingredients. the chips are real chocolate and melt redilly in your mouth creating a moist experience while chewing. these are truly great cookies. i was not expecting to like these cookies as much as i do. i like chocolate chip cookies well enough, but i really prefer a soft cookie to crisp ones. i have to say these famous amos cookies have pertty much turned me around. the cookies are rich and have that depth of flavor that comes from quality ingredients. the chips are real chocolate and melt redilly in your mouth creating a moist experience while chewing. these are truly great cookies. i was not expecting to like these cookies as much as i do. i like chocolate chip cookies well enough, but i really prefer a soft cookie to crisp ones. i have to say these famous amos cookies have pertty much turned me around. the cookies are rich and have that depth of flavor that comes from quality ingredients. the chips are real chocolate and melt redilly in your mouth creating a moist experience while chewing. these are truly great cookies. i was not expecting to like these cookies as much as i do. i like chocolate chip cookies well enough, but i really prefer a soft cookie to crisp ones. i have to say these famous amos cookies have pertty much turned me around. the cookies are rich and have that depth of flavor that comes from quality ingredients. the chips are real chocolate and melt redilly in your mouth creating a moist experience while chewing. these are truly great cookies. they aren't fattening and they're good for you, right? that's what i heard, at least, from an admittedly unreliable person. they aren't fattening and they're good for you, right? that's what i heard, at least, from an admittedly unreliable person. they aren't fattening and they're good for you, right? that's what i heard, at least, from an admittedly unreliable person. they aren't fattening and they're good for you, right? that's what i heard, at least, from an admittedly unreliable person.

Summary: 
The overall sentiment of the reviews is overwhelmingly positive, with customers raving about the taste, quality, and freshness of the Famous Amos chocolate chip cookies. Key product strengths include the rich flavor, quality ingredients, and real chocolate chips that melt in your mouth. Common complaints are the limited quantity of cookies in each package, with some customers wishing they could buy a larger quantity. Some customers also joke about the cookies being ""good for you"" (although this is likely an exaggeration!). Overall, customers are extremely satisfied with their purchase and would likely recommend the product to others."
B003JYEL2W,"i'm usually a caffeine guy, but i had to switch to decaf while my wife is pregnant. this is definitely the best decaf out there - full flavored, smooth, and very aromatic. it's the best! i'm usually a caffeine guy, but i had to switch to decaf while my wife is pregnant. this is definitely the best decaf out there - full flavored, smooth, and very aromatic. it's the best! i love community coffee but the batch i received of the special decaf was old the bags had lost their vacuum packed state. i love community coffee but the batch i received of the special decaf was old the bags had lost their vacuum packed state.","i'm usually a caffeine guy, but i had to switch to decaf while my wife is pregnant. it's the best! it's the best!","i'm usually a caffeine guy, but i had to switch to decaf while my wife is pregnant. this is definitely the best decaf out there - full flavored, smooth, and very aromatic. i love community coffee but the batch i received of the special decaf was old.",was old the bags had lost their vacuum packed state. i love community coffee but the batch i received of the special decaf was old the bags had lost their vacuum packed state. i love community coffee but the batch i received of the special decaf was old the bags had lost their vacuum packed state. i love community coffee but the batch i received of the special decaf was old,I love community coffee but the batch i received of the special decaf was old the bags had lost their vacuum packed state.... and i love community coffee but the batch i received of the special decaf was old the bags had lost their vacuum packed state.,"You are analyzing customer reviews for a product.

Summarize the following customer reviews into a concise paragraph.

Your summary must include:
- overall sentiment
- key product strengths
- common complaints

Do not invent information that is not present in the reviews.

Reviews:
i'm usually a caffeine guy, but i had to switch to decaf while my wife is pregnant. this is definitely the best decaf out there - full flavored, smooth, and very aromatic. it's the best! i'm usually a caffeine guy, but i had to switch to decaf while my wife is pregnant. this is definitely the best decaf out there - full flavored, smooth, and very aromatic. it's the best! i love community coffee but the batch i received of the special decaf was old the bags had lost their vacuum packed state. i love community coffee but the batch i received of the special decaf was old the bags had lost their vacuum packed state.

Summary:
The overall sentiment of the customer reviews is positive, with customers praising the full-flavored, smooth, and aromatic nature of Community Coffee's decaf product. However, some customers have expressed disappointment with receiving old batches, as indicated by the loss of vacuum-sealed packaging.","You are analyzing customer reviews for a product.

Summarize the following customer reviews into a concise paragraph.

Your summary must include:
- overall sentiment
- key product strengths
- common complaints

Do not invent information that is not present in the reviews.

Reviews:
i'm usually a caffeine guy, but i had to switch to decaf while my wife is pregnant. this is definitely the best decaf out there - full flavored, smooth, and very aromatic. it's the best! i'm usually a caffeine guy, but i had to switch to decaf while my wife is pregnant. this is definitely the best decaf out there - full flavored, smooth, and very aromatic. it's the best! i love community coffee but the batch i received of the special decaf was old the bags had lost their vacuum packed state. i love community coffee but the batch i received of the special decaf was old the bags had lost their vacuum packed state.

Summary: 
The overall sentiment of the reviews is overwhelmingly positive, with customers praising the product's full flavor, smoothness, and aroma. The key product strengths mentioned are its full flavor, smoothness, and aromatic qualities. However, one customer experienced a negative issue with the product, specifically with the batch they received being old and the bags losing their vacuum-packed state, which led to a loss of freshness. 

Note: The two reviews that start with ""i'm usually a caffeine guy"" are identical, so I only included one of them in the summary. Also, I did not include the repeated phrase ""it's the best!"" in the summary as it is not providing any new information. 

Please let me know if this meets your requirements."
B001EO67V2,"my mother-in-law simply loves these candies. she is on her fourth tub since christmas. she prefers them over the sunkist fruit gems i hope they remain a stocked item. my mother-in-law simply loves these candies. she is on her fourth tub since christmas. she prefers them over the sunkist fruit gems i hope they remain a stocked item. my mother-in-law simply loves these candies. she is on her fourth tub since christmas. she prefers them over the sunkist fruit gems i hope they remain a stocked item. soft and slightly chewy candy is optimal not gummy to me and these are that. the flavors are good but not great. they are heavily coated with sugar to sweeten them up as they are not sweet without the sugar coating. i will purchase them again. soft and slightly chewy candy is optimal not gummy to me and these are that. the flavors are good but not great. they are heavily coated with sugar to sweeten them up as they are not sweet without the sugar coating. i will purchase them again. soft and slightly chewy candy is optimal not gummy to me and these are that. the flavors are good but not great. they are heavily coated with sugar to sweeten them up as they are not sweet without the sugar coating. i will purchase them again. if you are looking for a sugar high, then these are what you are looking for. too sweet for me and my family, i don't think we will be ordering these again. if you are looking for a sugar high, then these are what you are looking for. too sweet for me and my family, i don't think we will be ordering these again. if you are looking for a sugar high, then these are what you are looking for. too sweet for me and my family, i don't think we will be ordering these again.","too sweet for me and my family, i don't think we will be ordering these again. too sweet for me and my family, i don't think we will be ordering these again. too sweet for me and my family, i don't think we will be ordering these again.",my mother-in-law simply loves these candies. she is on her fourth tub since christmas. soft and slightly chewy candy is optimal not gummy to me and these are that. the flavors are good but not great. they are heavily coated with sugar to sweeten them up as they are not sweet without the sugar coating.,". if you are looking for a sugar high, then these are what you are looking for. too sweet for me and my family, i don't think we will be ordering these again. if you are looking for a sugar high, then these are what you are looking for. too sweet for me and my family, i don't think we will be ordering.","They are too sweet for me and my family, they are heavily coated with sugar to sweeten them up as they are not gummy, but they are not great, they are optimal not gummy, but not great, they are too sweet for me and my family, they are heavily coated with sugar to sweeten them up as they are not gummy, but they are not great, they are too sweet for me and my family, they are heavily coated with sugar to sweeten them up as they are not gummy, but they are not great, they are too sweet for me and my family, they are heavily coated with sugar to sweeten them up as they are not gummy, but they are not great, they are too sweet for me and my family,","The overall sentiment of the customer reviews is positive, with several customers expressing their love for the product and purchasing it repeatedly. The key product strengths mentioned include the soft and slightly chewy texture, which is preferred over gummy candies, and the sugar coating that enhances the flavor. However, some customers noted that the candies are heavily coated with sugar and are too sweet for their taste. Common complaints include the high sugar content and the fact that the candies are not sweet without the sugar coating.","The overall sentiment of the reviews is mixed, with some customers loving the candies and others finding them too sweet. The key product strengths mentioned are the soft and slightly chewy texture, which is optimal for some customers. The common complaints are that the candies are heavily coated with sugar, making them too sweet for some customers. Some customers prefer these candies over other similar products, while others will not be ordering them again due to the high sugar content. 

Note: The reviews are repetitive, but I have only included the main points in the summary. 

Please let me know if you need any further assistance."
